gender,condition,politics,parental,married,area,highedu,income,pre_submit,age,subject_class,role,style,race,MA_other_status,MA_self_status,MA_diff_status,MA_other_competence,MA_self_competence,MA_diff_competence,IfOnline
Woman,Label,Liberal,No,Not Married,Suburban,Other,175,5,19,6,Assistant,S2,White,5,6,-1,6,6,0,0
Woman,Both,Conservative,No,Not Married,Metropolitan,Other,112.5,0,18,5,Assistant,Q2,White,6.25,3,3.25,6,3.333333333,2.666666667,0
Woman,Both,Conservative,No,Not Married,Suburban,Other,200,0,18,7,Assistant,S2,White,2.5,6.75,-4.25,2,7,-5,0
Woman,Both,Moderate,No,Not Married,Suburban,Other,175,0,18,7,Assistant,S2,White,4.5,5,-0.5,5.666666667,5.333333333,0.333333333,0
Woman,Both,Conservative,No,Not Married,Suburban,Other,200,5,19,7,Client,Q2,White,1.25,6.5,-5.25,2,6.666666667,-4.666666667,0
Woman,Label,Conservative,No,Not Married,Rural,Other,20,5,20,7,Assistant,Q2,White,3.25,7,-3.75,3.333333333,7,-3.666666667,0
Woman,Label,Moderate,No,Not Married,Suburban,Other,75,0,18,7,Assistant,Q2,White,4.75,5.75,-1,5.666666667,5.333333333,0.333333333,0
Woman,Both,Liberal,No,Not Married,Suburban,Other,85,0,19,6,Client,S2,White,3.75,6.5,-2.75,6.333333333,6,0.333333333,0
Woman,Both,Liberal,No,Not Married,Suburban,Other,85,0,18,4,Assistant,S2,White,7,1.75,5.25,6,6,0,0
Woman,Both,Conservative,No,Not Married,Suburban,Other,112.5,0,18,9,Client,Q2,White,3.75,6.25,-2.5,5.666666667,6.666666667,-1,0
Woman,Both,Moderate,No,Not Married,Metropolitan,Other,112.5,0,19,8,Assistant,S2,White,5.75,4,1.75,6,4.666666667,1.333333333,0
Woman,Label,Conservative,No,Not Married,Suburban,Other,200,0,19,8,Assistant,S2,White,5,5.75,-0.75,5.333333333,5.666666667,-0.333333333,0
Woman,Label,Moderate,No,Not Married,Metropolitan,Other,112.5,5,18,8,Assistant,S2,White,5.5,3,2.5,6,3.666666667,2.333333333,0
Woman,Label,Conservative,No,Not Married,Suburban,Other,137.5,5,20,6,Assistant,Q2,White,5.25,3.25,2,5,5.666666667,-0.666666667,0
Woman,Both,Liberal,No,Not Married,Suburban,Other,175,0,18,7,Client,Q2,White,3.5,7,-3.5,6,7,-1,0
Woman,Label,Liberal,No,Not Married,Suburban,Other,175,0,18,5,Client,Q2,White,4.5,4.75,-0.25,5,4.666666667,0.333333333,0
Woman,Label,Liberal,No,Not Married,Suburban,Other,112.5,5,19,7,Client,Q2,White,4.5,5,-0.5,5.333333333,5,0.333333333,0
Man,Label,Liberal,No,Not Married,Suburban,Other,137.5,0,18,9,Assistant,Q2,White,3.75,5.5,-1.75,4.333333333,6.666666667,-2.333333333,0
Woman,Label,Liberal,No,Not Married,Suburban,Other,112.5,0,18,7,Client,Q2,White,5,5.75,-0.75,5.666666667,5,0.666666667,0
Man,Both,Moderate,No,Not Married,Suburban,Other,175,5,19,7,Client,Q2,White,5,5,0,6,5.666666667,0.333333333,0
Woman,Both,Conservative,No,Not Married,Rural,Other,175,5,18,9,Assistant,S2,White,3.25,5.5,-2.25,2.333333333,6,-3.666666667,0
Woman,Label,Conservative,No,Not Married,Metropolitan,Other,85,5,18,7,Client,Q2,White,5.5,5.75,-0.25,5.666666667,5.666666667,0,0
Woman,Both,Moderate,No,Not Married,Rural,Other,112.5,5,19,5,Client,S2,White,3,6.5,-3.5,4.666666667,5.666666667,-1,0
Woman,Both,Liberal,No,Not Married,Suburban,Other,85,0,18,7,Client,Q2,White,1.75,6.25,-4.5,3.666666667,6.333333333,-2.666666667,0
Man,Both,Moderate,No,Not Married,Rural,Other,112.5,0,18,6,Client,S2,White,4.25,6.5,-2.25,6.666666667,5,1.666666667,0
Woman,Both,Liberal,No,Not Married,Suburban,Other,112.5,5,19,7,Client,S2,White,2.25,6.5,-4.25,5.333333333,6.333333333,-1,0
Man,Label,Liberal,No,Not Married,Suburban,Other,200,5,18,9,Assistant,Q2,White,4.5,1.75,2.75,4.666666667,3.666666667,1,0
Woman,Both,Liberal,No,Not Married,Suburban,Other,20,5,19,4,Assistant,S2,White,6,3.25,2.75,6.666666667,5.333333333,1.333333333,0
Man,Label,Conservative,No,Not Married,Suburban,Other,137.5,0,19,7,Assistant,S2,White,3.5,7,-3.5,4.666666667,6.333333333,-1.666666667,0
Woman,Label,Moderate,No,Not Married,Suburban,Other,NA,5,19,6,Client,S2,Other,3.25,7,-3.75,4.666666667,7,-2.333333333,0
Man,Label,Liberal,No,Not Married,Suburban,Other,35,5,20,7,Client,Q2,White,3.5,5.5,-2,4,5,-1,0
Woman,Label,Liberal,No,Not Married,Suburban,Other,NA,0,19,8,Assistant,S2,White,6,2,4,5.333333333,4.666666667,0.666666667,0
Woman,Label,Conservative,No,Married,Rural,Other,25,5,19,6,Assistant,Q2,White,5.25,4.25,1,6,5.333333333,0.666666667,0
Woman,Both,Moderate,No,Not Married,Suburban,Other,75,15,19,6,Client,S2,Other,4.25,4.5,-0.25,4.666666667,5.333333333,-0.666666667,0
Man,Label,Liberal,No,Not Married,Suburban,Other,175,0,19,6,Client,S2,White,3.25,4.5,-1.25,4,4.666666667,-0.666666667,0
Man,Both,Conservative,No,Not Married,Suburban,Other,200,5,18,8,Assistant,Q2,White,4.5,4.75,-0.25,2,5.666666667,-3.666666667,0
Man,Label,Moderate,No,Not Married,Suburban,Other,200,5,21,8,Assistant,Q2,White,4.5,4.5,0,4.333333333,6,-1.666666667,0
Woman,Label,Moderate,No,Not Married,Rural,Other,NA,0,18,7,Assistant,Q2,Other,4.75,4.25,0.5,4,4,0,0
Man,Both,Conservative,No,Not Married,Suburban,Other,20,0,18,7,Client,Q2,White,3.25,4.75,-1.5,2.666666667,6,-3.333333333,0
Woman,Both,Moderate,No,Not Married,Suburban,Other,112.5,0,19,7,Assistant,Q2,White,3.75,4.5,-0.75,6.666666667,5.666666667,1,0
Woman,Label,Liberal,No,Not Married,Suburban,Other,20,0,19,7,Client,Q2,White,3,5.25,-2.25,4.666666667,3.666666667,1,0
Man,Label,Conservative,No,Not Married,Suburban,Other,175,5,19,8,Client,Q2,White,5.5,6.5,-1,4.666666667,6.333333333,-1.666666667,0
Woman,Label,Moderate,No,Not Married,Suburban,Other,200,0,18,7,Client,S2,White,4.5,4.75,-0.25,4.666666667,5,-0.333333333,0
Man,Label,Conservative,No,Not Married,Rural,Other,175,5,19,9,Assistant,Q2,Other,5.25,4.75,0.5,5.666666667,5.666666667,0,0
Woman,Label,Liberal,No,Not Married,Suburban,Other,200,5,18,7,Client,Q2,White,3,5.25,-2.25,3.333333333,5,-1.666666667,0
Woman,Label,Liberal,No,Not Married,Suburban,Other,65,5,19,5,Client,Q2,White,4,4,0,4,4,0,0
Woman,Both,Conservative,No,Not Married,Rural,Other,112.5,5,19,7,Assistant,Q2,White,6.5,3.5,3,6,6.666666667,-0.666666667,0
Man,Both,Liberal,No,Not Married,Suburban,Other,NA,5,20,7,Assistant,Q2,Other,6.25,5.25,1,6.666666667,7,-0.333333333,0
Man,Label,Conservative,No,Not Married,Rural,Other,25,15,20,9,Assistant,S2,White,3.25,4.75,-1.5,3.333333333,5,-1.666666667,0
Man,Label,Moderate,No,Not Married,Suburban,Other,200,5,19,9,Assistant,S2,White,4.25,6,-1.75,5.333333333,5.666666667,-0.333333333,0
Woman,Label,Liberal,No,Not Married,Suburban,Other,200,5,21,6,Assistant,Q2,White,5.25,4.5,0.75,5.666666667,5.666666667,0,0
Woman,Label,Liberal,No,Not Married,Suburban,Other,75,0,19,6,Client,Q2,Other,4.25,5.75,-1.5,6,5.333333333,0.666666667,0
Woman,Both,Conservative,No,Not Married,Suburban,Other,20,5,21,5,Client,Q2,White,3.75,5.5,-1.75,4.666666667,6,-1.333333333,0
Woman,Label,Conservative,No,Not Married,Rural,Other,112.5,5,19,6,Assistant,Q2,White,3.25,3.25,0,3,3.333333333,-0.333333333,0
Woman,Both,Conservative,No,Not Married,Suburban,Other,NA,5,19,6,Assistant,Q2,White,6,3.5,2.5,5,5.666666667,-0.666666667,0
Woman,Both,Conservative,No,Not Married,Rural,Other,20,0,19,6,Assistant,S2,White,5.5,3,2.5,6,3,3,0
Woman,Both,Liberal,No,Not Married,Suburban,Other,200,5,19,7,Client,Q2,White,3.5,1.5,2,6,2.666666667,3.333333333,0
Woman,Label,Liberal,No,Not Married,Metropolitan,Other,137.5,5,18,8,Assistant,Q2,White,6.5,2,4.5,7,4.666666667,2.333333333,0
Man,Both,Moderate,No,Not Married,Suburban,Other,NA,5,21,7,Assistant,Q2,White,4.75,4,0.75,2,6.666666667,-4.666666667,0
Woman,Both,Liberal,No,Not Married,Rural,Other,55,0,19,7,Assistant,Q2,Other,4.75,5,-0.25,3.333333333,6,-2.666666667,0
Woman,Label,Liberal,No,Not Married,Suburban,Other,NA,5,19,7,Client,Q2,White,4,5.75,-1.75,4.333333333,6,-1.666666667,0
Woman,Label,Liberal,No,Not Married,Suburban,Other,112.5,5,19,8,Client,S2,White,3,6,-3,5,5.666666667,-0.666666667,0
Woman,Both,Liberal,No,Not Married,Rural,Other,112.5,5,19,8,Assistant,S2,White,5.25,5.75,-0.5,5.666666667,6,-0.333333333,0
Woman,Label,Liberal,No,Not Married,Suburban,Other,NA,5,19,6,Client,S2,White,4.75,6.25,-1.5,6,5.666666667,0.333333333,0
Woman,Label,Conservative,No,Not Married,Suburban,Other,175,0,19,7,Client,S2,White,3,6,-3,3.333333333,6,-2.666666667,0
Woman,Both,Moderate,No,Not Married,Metropolitan,Other,NA,5,19,7,Client,Q2,White,1.75,6.75,-5,2.333333333,7,-4.666666667,0
Woman,Both,Liberal,No,Not Married,Metropolitan,Other,20,0,18,6,Client,S2,White,3.25,6,-2.75,2.666666667,5.333333333,-2.666666667,0
Man,Label,Conservative,No,Not Married,Suburban,Other,75,0,19,7,Client,Q2,White,4,4.25,-0.25,5,4.666666667,0.333333333,0
Woman,Label,Liberal,No,Not Married,Metropolitan,Other,175,5,19,8,Assistant,Q2,White,6,5.25,0.75,4.666666667,5.333333333,-0.666666667,0
Woman,Both,Moderate,No,Not Married,Suburban,Other,112.5,0,19,6,Client,Q2,White,3.5,5.25,-1.75,5.333333333,6,-0.666666667,0
Man,Label,Conservative,No,Not Married,Suburban,Other,65,5,18,7,Assistant,Q2,White,5,3.75,1.25,4.666666667,3.666666667,1,0
Woman,Both,Conservative,No,Not Married,Suburban,Other,20,15,18,7,Client,Q2,White,3.75,4.25,-0.5,4.333333333,4,0.333333333,0
Man,Label,Conservative,No,Not Married,Suburban,Other,45,0,24,6,Assistant,S2,White,3,4.75,-1.75,2.333333333,5.666666667,-3.333333333,0
Man,Label,Moderate,No,Not Married,Rural,Other,45,5,18,7,Assistant,S2,Other,3.5,6,-2.5,2.333333333,6.666666667,-4.333333333,0
Woman,Label,Conservative,No,Not Married,Suburban,Other,137.5,15,19,6,Client,Q2,Other,4,5,-1,4.333333333,4.666666667,-0.333333333,0
Woman,Both,Moderate,No,Not Married,Suburban,Other,35,5,19,6,Assistant,Q2,White,6.25,3.25,3,6,5.333333333,0.666666667,0
Woman,Both,Conservative,No,Not Married,Metropolitan,Other,45,0,18,5,Client,S2,White,2.75,6.25,-3.5,2.333333333,7,-4.666666667,0
Woman,Label,Conservative,No,Not Married,Suburban,Other,35,5,19,7,Client,Q2,Other,3.5,6.25,-2.75,4.333333333,5.666666667,-1.333333333,0
Man,Label,Liberal,No,Not Married,Suburban,Other,200,5,22,7,Assistant,Q2,White,5.75,4.25,1.5,4.666666667,5.666666667,-1,0
Woman,Both,Moderate,No,Not Married,Suburban,Other,20,5,19,4,Assistant,S2,White,5,5,0,5.333333333,5.666666667,-0.333333333,0
Man,Label,Conservative,No,Not Married,Suburban,Other,175,15,18,6,Assistant,S2,Other,6,3.5,2.5,6,4,2,0
Woman,Label,Moderate,No,Not Married,Rural,Other,137.5,5,19,8,Assistant,S2,White,5,4.75,0.25,5.333333333,5,0.333333333,0
Man,Label,Moderate,No,Not Married,Suburban,Other,20,0,23,5,Assistant,Q2,White,3.25,4.75,-1.5,4.333333333,5,-0.666666667,0
Woman,Label,Conservative,No,Not Married,Suburban,Other,200,5,19,7,Client,Q2,White,6,6.25,-0.25,6.333333333,6.333333333,0,0
Woman,Both,Conservative,No,Not Married,Rural,Other,NA,5,18,6,Assistant,Q2,White,4.5,5.25,-0.75,6.666666667,5.333333333,1.333333333,0
Man,Label,Moderate,No,Not Married,Metropolitan,Other,200,5,21,9,Assistant,Q2,White,3.5,2.75,0.75,2.333333333,3.666666667,-1.333333333,0
Woman,Both,Conservative,No,Not Married,Metropolitan,Other,35,5,19,7,Assistant,Q2,White,6,5.75,0.25,6,6.333333333,-0.333333333,0
Woman,Both,Moderate,No,Not Married,Metropolitan,Other,NA,5,18,5,Assistant,Q2,Other,5.25,3,2.25,5,4.666666667,0.333333333,0
Woman,Both,Liberal,No,Not Married,Rural,Other,137.5,5,19,7,Assistant,S2,White,5.25,3.75,1.5,5.333333333,4,1.333333333,0
Woman,Label,Liberal,No,Not Married,Suburban,Other,175,0,19,7,Client,S2,White,3,5.75,-2.75,4.333333333,5.666666667,-1.333333333,0
Woman,Label,Liberal,No,Not Married,Suburban,Other,112.5,5,18,8,Assistant,Q2,White,5,4.25,0.75,5,4.666666667,0.333333333,0
Woman,Both,Moderate,No,Not Married,Rural,Other,112.5,5,19,6,Client,S2,White,4.25,4.5,-0.25,4.333333333,5,-0.666666667,0
Man,Label,Conservative,No,Not Married,Rural,Other,175,5,19,8,Client,S2,White,4.25,5.5,-1.25,6,5.333333333,0.666666667,0
Man,Both,Conservative,No,Not Married,Suburban,Other,175,5,19,7,Client,Q2,White,4,6.25,-2.25,6,6,0,0
Woman,Label,Liberal,No,Not Married,Suburban,Other,200,5,19,8,Assistant,S2,White,4.5,5.75,-1.25,5.333333333,6.333333333,-1,0
Man,Label,Conservative,No,Not Married,Suburban,Other,112.5,5,18,8,Client,Q2,Other,2.75,5.75,-3,3.333333333,6.333333333,-3,0
Woman,Label,Moderate,No,Not Married,Rural,Other,20,5,18,7,Client,Q2,White,3.25,6,-2.75,4.333333333,5.666666667,-1.333333333,0
Man,Both,Moderate,No,Not Married,Suburban,Other,NA,0,19,7,Client,S2,White,3.75,5.75,-2,5,6.666666667,-1.666666667,0
Woman,Label,Liberal,No,Not Married,Suburban,Other,200,5,20,8,Assistant,S2,White,5,5.25,-0.25,6,5.666666667,0.333333333,0
Man,Label,Moderate,No,Not Married,Suburban,Other,75,0,20,4,Assistant,Q2,Other,4.25,3.25,1,5,3.333333333,1.666666667,0
Man,Both,Moderate,No,Not Married,Suburban,Other,65,5,18,7,Client,S2,White,5.5,5.25,0.25,5.333333333,5.666666667,-0.333333333,0
Woman,Both,Moderate,No,Not Married,Suburban,Other,NA,5,20,6,Assistant,S2,White,4.5,3,1.5,5,4.333333333,0.666666667,0
Woman,Label,Liberal,No,Not Married,Metropolitan,Other,175,5,19,9,Client,S2,White,6,6,0,6,6,0,0
Woman,Both,Liberal,No,Not Married,Suburban,Other,137.5,5,19,7,Assistant,S2,Other,6.75,4,2.75,6.333333333,5.666666667,0.666666667,0
Woman,Both,Liberal,No,Not Married,Suburban,Other,200,0,18,9,Client,S2,White,3.5,6,-2.5,3.666666667,6,-2.333333333,0
Man,Both,Moderate,No,Not Married,Metropolitan,Other,25,15,24,1,Assistant,Q2,Other,6,4,2,5,6.666666667,-1.666666667,0
Woman,Label,Liberal,No,Not Married,Metropolitan,Other,175,5,22,8,Assistant,Q2,White,5,3.75,1.25,5.666666667,3,2.666666667,0
Man,Both,Conservative,No,Not Married,Suburban,Other,112.5,5,20,7,Client,Q2,White,4.25,5.25,-1,5,5.666666667,-0.666666667,0
Woman,Label,Moderate,No,Not Married,Suburban,Other,112.5,0,19,7,Assistant,Q2,White,3.75,4.75,-1,4.666666667,5.666666667,-1,0
Woman,Label,Liberal,No,Not Married,Suburban,Other,NA,0,19,8,Client,Q2,Other,4.25,5,-0.75,4,5.333333333,-1.333333333,0
Woman,Label,Liberal,No,Not Married,Suburban,Other,175,0,19,6,Client,Q2,White,3.75,6.5,-2.75,6.666666667,6.333333333,0.333333333,0
Man,Both,Liberal,No,Not Married,Suburban,Other,200,5,20,9,Assistant,Q2,White,6.25,2.75,3.5,3.666666667,6.333333333,-2.666666667,0
Man,Both,Liberal,No,Not Married,Rural,Other,200,5,19,8,Assistant,S2,White,4.75,3,1.75,4,5,-1,0
Man,Both,Moderate,No,Not Married,Rural,Other,NA,0,18,6,Client,Q2,White,4.5,6.75,-2.25,5.666666667,5.333333333,0.333333333,0
Man,Both,Liberal,No,Not Married,Metropolitan,Other,65,0,18,6,Assistant,Q2,White,4.75,4,0.75,4.333333333,5.333333333,-1,0
Man,Both,Conservative,No,Not Married,Suburban,Other,200,5,18,6,Client,Q2,Other,3.5,6,-2.5,4.666666667,5.333333333,-0.666666667,0
Man,Both,Moderate,No,Not Married,Rural,Other,55,5,19,6,Assistant,Q2,Other,4.5,3.25,1.25,2,5,-3,0
Man,Both,Liberal,No,Not Married,Rural,Other,NA,0,19,6,Client,Q2,White,3.25,6,-2.75,6.333333333,5.666666667,0.666666667,0
Man,Both,Liberal,No,Not Married,Suburban,Other,NA,0,18,4,Assistant,S2,White,4.25,4.25,0,5,5,0,0
Man,Both,Conservative,No,Not Married,Suburban,Other,20,5,20,6,Client,S2,White,3.25,5,-1.75,4,5,-1,0
Man,Both,Conservative,No,Not Married,Metropolitan,Other,137.5,0,19,8,Assistant,S2,White,4.75,4.75,0,7,7,0,0
Man,Both,Liberal,No,Not Married,Suburban,Other,25,5,19,5,Assistant,S2,White,2.75,4.75,-2,4,6,-2,0
Man,Both,Liberal,No,Not Married,Metropolitan,Other,112.5,5,19,8,Assistant,Q2,White,4.5,4,0.5,4,4.666666667,-0.666666667,0
Man,Both,Moderate,No,Not Married,Rural,Other,200,15,18,5,Client,Q2,Other,2.75,4.5,-1.75,3.333333333,4.666666667,-1.333333333,0
Man,Both,Liberal,No,Not Married,Suburban,Other,137.5,5,20,8,Client,Q2,White,4.75,5.5,-0.75,7,7,0,0
Man,Label,Moderate,No,Not Married,Suburban,Other,200,0,19,7,Client,Q2,White,4,4,0,4,4,0,0
Man,Both,Liberal,No,Not Married,Metropolitan,Other,20,5,19,7,Assistant,Q2,White,5.75,2.25,3.5,4,3.333333333,0.666666667,0
Man,Both,Moderate,No,Not Married,Suburban,Other,175,5,18,7,Assistant,S2,White,6.5,6,0.5,6.333333333,6.666666667,-0.333333333,0
Man,Label,Conservative,No,Not Married,Rural,Other,20,5,20,6,Client,S2,White,4.5,5,-0.5,5.333333333,5,0.333333333,0
Woman,Both,Liberal,No,Not Married,Suburban,Other,200,5,18,8,Client,Q2,White,4.5,5.5,-1,6,5.666666667,0.333333333,0
Woman,Label,Conservative,No,Not Married,Suburban,Other,175,0,18,7,Assistant,S2,White,5.75,5,0.75,6.333333333,6,0.333333333,0
Man,Both,Moderate,No,Not Married,Suburban,Other,45,5,19,5,Client,S2,Other,4,4.25,-0.25,4.666666667,4.666666667,0,0
Woman,Both,Liberal,No,Not Married,Metropolitan,Other,175,5,21,7,Assistant,S2,Other,4.75,4.25,0.5,5.666666667,5.333333333,0.333333333,0
Woman,Both,Liberal,No,Not Married,Suburban,Other,20,5,18,6,Assistant,S2,Other,5.75,3.5,2.25,5.666666667,6,-0.333333333,0
Man,Both,Conservative,No,Not Married,Rural,Other,137.5,5,18,7,Client,S2,White,3.75,5,-1.25,5.333333333,4.666666667,0.666666667,0
Man,Label,Moderate,No,Not Married,Suburban,Other,112.5,0,18,7,Assistant,Q2,White,4,4,0,4.333333333,4,0.333333333,0
Woman,Both,Liberal,No,Not Married,Metropolitan,Other,75,0,18,6,Client,Q2,Other,6.25,7,-0.75,7,7,0,0
Woman,Label,Liberal,No,Not Married,Rural,Other,55,5,19,6,Client,S2,Other,4,4,0,4,4,0,0
Woman,Both,Moderate,No,Not Married,Suburban,Other,55,5,18,7,Client,S2,White,4,5,-1,3.666666667,5.333333333,-1.666666667,0
Man,Label,Conservative,No,Not Married,Suburban,Other,20,5,19,6,Client,Q2,White,4,4.5,-0.5,4.333333333,6,-1.666666667,0
Woman,Label,Conservative,No,Not Married,Suburban,Other,200,5,18,8,Assistant,Q2,Other,6.5,4,2.5,6.333333333,5.666666667,0.666666667,0
Woman,Label,Liberal,No,Not Married,Suburban,Other,112.5,5,19,7,Assistant,S2,White,5.5,5.5,0,6,6,0,0
Woman,Label,Liberal,No,Not Married,Suburban,Other,55,5,18,5,Client,S2,Other,4.5,5.75,-1.25,6.333333333,6,0.333333333,0
Woman,Both,Liberal,No,Not Married,Suburban,Other,175,0,19,7,Client,S2,Other,6.5,5,1.5,7,4.666666667,2.333333333,0
Woman,Both,Liberal,No,Not Married,Suburban,Other,NA,5,19,7,Client,Q2,White,3.25,5.25,-2,5.333333333,5,0.333333333,0
Woman,Both,Liberal,No,Not Married,Metropolitan,Other,NA,0,18,8,Client,S2,White,3.5,5.5,-2,4.333333333,6,-1.666666667,0
Woman,Label,Liberal,No,Not Married,Suburban,Other,75,0,19,6,Assistant,Q2,White,5,3.5,1.5,4.666666667,4.666666667,0,0
Man,Label,Conservative,No,Not Married,Suburban,Other,45,5,21,7,Client,S2,Other,4,4,0,4,4,0,0
Woman,Both,Conservative,No,Not Married,Suburban,Other,25,5,19,6,Client,Q2,White,4,4.5,-0.5,5.666666667,6,-0.333333333,0
Man,Label,Liberal,No,Not Married,Rural,Other,20,0,18,5,Client,Q2,Other,4.25,5.75,-1.5,4,6,-2,0
Woman,Label,Moderate,No,Not Married,Suburban,Other,112.5,5,19,8,Client,Q2,Other,4.25,4.5,-0.25,5.333333333,5.666666667,-0.333333333,0
Woman,Both,Liberal,No,Not Married,Suburban,Other,200,5,18,8,Client,S2,White,3,6,-3,6,4.666666667,1.333333333,0
Man,Label,Moderate,No,Not Married,Suburban,Other,20,5,18,5,Assistant,S2,White,3.25,4.75,-1.5,3.666666667,4.666666667,-1,0
Woman,Label,Moderate,No,Not Married,Metropolitan,Other,200,5,19,7,Client,S2,White,6,6.25,-0.25,6,6,0,0
Woman,Both,Conservative,No,Not Married,Rural,Other,85,5,18,7,Assistant,Q2,White,4.5,4.75,-0.25,4.333333333,5.333333333,-1,0
Woman,Label,Liberal,No,Not Married,Suburban,Other,200,0,19,8,Client,Q2,White,4.25,6,-1.75,4.333333333,6.333333333,-2,0
Man,Label,Moderate,No,Not Married,Suburban,Other,112.5,5,18,8,Client,S2,Other,3.25,5.5,-2.25,5.333333333,5,0.333333333,0
Man,Label,Liberal,No,Not Married,Metropolitan,Other,137.5,5,18,8,Client,S2,White,3,4.5,-1.5,4,5.333333333,-1.333333333,0
Man,Label,Moderate,No,Not Married,Suburban,Other,55,0,18,7,Client,Q2,White,5,3.5,1.5,5,4.333333333,0.666666667,0
Man,Label,Liberal,No,Not Married,Metropolitan,High School and Advanced,200,25,19,8,Client,S2,White,3.5,5.75,-2.25,4.333333333,5.333333333,-1,1
Man,Label,Liberal,Yes,Married,Suburban,High School and Advanced,112.5,45,31,7,Assistant,Q2,White,4,4,0,4,4,0,1
Man,Label,Liberal,No,Not Married,Metropolitan,High School and Advanced,35,125,24,4,Client,Q2,White,5.75,6.25,-0.5,5,6.666666667,-1.666666667,1
Man,Label,Moderate,No,Married,Metropolitan,High School and Advanced,85,5,28,5,Assistant,S2,White,4,4,0,4,4,0,1
Man,Label,Liberal,Yes,Not Married,Metropolitan,High School and Advanced,175,5,34,7,Assistant,S2,White,4.75,5,-0.25,5.333333333,5.666666667,-0.333333333,1
Woman,Label,Liberal,No,Not Married,Metropolitan,High School and Advanced,137.5,125,20,6,Client,Q2,White,2.75,5.75,-3,3,5.333333333,-2.333333333,1
Woman,Label,Liberal,Yes,Not Married,Suburban,High School and Advanced,25,15,26,4,Assistant,Q2,Other,2,6.5,-4.5,1.666666667,7,-5.333333333,1
Woman,Label,Moderate,Yes,Married,Rural,High School and Advanced,25,45,30,3,Assistant,Q2,White,6,4.75,1.25,7,6.666666667,0.333333333,1
Woman,Label,Conservative,No,Not Married,Suburban,High School and Advanced,112.5,35,19,9,Client,S2,White,4.5,4.5,0,5,4.333333333,0.666666667,1
Woman,Label,Liberal,No,Not Married,Suburban,High School and Advanced,112.5,45,20,7,Assistant,S2,White,5.75,3.5,2.25,5.666666667,5,0.666666667,1
Woman,Label,Liberal,No,Not Married,Suburban,High School and Advanced,25,175,21,3,Client,S2,White,3,5.5,-2.5,6.333333333,5.666666667,0.666666667,1
Man,Label,Liberal,No,Not Married,Suburban,High School and Advanced,25,75,27,3,Assistant,Q2,White,5.25,2.75,2.5,4,4,0,1
Man,Label,Moderate,No,Not Married,Suburban,High School and Advanced,25,25,20,6,Client,Q2,Other,3.75,4,-0.25,5,4,1,1
Man,Label,Moderate,No,Not Married,Rural,High School and Advanced,25,25,31,5,Client,Q2,White,3,6.25,-3.25,5.333333333,6.333333333,-1,1
Man,Label,Liberal,No,Not Married,Suburban,High School and Advanced,112.5,25,19,6,Assistant,S2,Other,4.5,4.25,0.25,4.333333333,5.666666667,-1.333333333,1
Man,Label,Moderate,Yes,Married,Rural,High School and Advanced,25,35,33,2,Client,S2,White,2.5,6.75,-4.25,1,6.666666667,-5.666666667,1
Man,Label,Conservative,No,Not Married,Suburban,High School and Advanced,137.5,25,35,5,Assistant,Q2,Other,3.75,4,-0.25,4.333333333,4,0.333333333,1
Woman,Label,Liberal,Yes,Married,Rural,High School and Advanced,137.5,35,32,7,Assistant,S2,Other,5.75,5.5,0.25,6,6,0,1
Man,Label,Liberal,No,Married,Suburban,High School and Advanced,75,45,45,6,Client,S2,White,4.25,5.5,-1.25,6,6,0,1
Man,Label,Liberal,No,Not Married,Rural,High School and Advanced,25,175,27,2,Client,S2,White,4.25,4,0.25,4.333333333,4.333333333,0,1
Woman,Label,Liberal,No,Not Married,Suburban,High School and Advanced,20,45,19,6,Client,S2,White,2.75,6,-3.25,4.666666667,6,-1.333333333,1
Man,Label,Liberal,Yes,Married,Suburban,High School and Advanced,175,35,54,6,Client,Q2,White,3.5,5.5,-2,4.666666667,6,-1.333333333,1
Woman,Both,Liberal,No,Not Married,Suburban,High School and Advanced,65,35,22,6,Assistant,Q2,White,5.25,3,2.25,4.333333333,4.666666667,-0.333333333,1
Man,Both,Moderate,No,Not Married,Suburban,High School and Advanced,85,15,27,4,Client,S2,White,4.25,6.5,-2.25,6.333333333,6.666666667,-0.333333333,1
Man,Both,Liberal,No,Not Married,Suburban,High School and Advanced,NA,45,22,5,Assistant,Q2,White,6.5,2.5,4,6,4,2,1
Man,Both,Liberal,Yes,Not Married,Rural,High School and Advanced,25,200,28,4,Assistant,S2,White,5,4,1,4.666666667,6.666666667,-2,1
Man,Both,Conservative,No,Not Married,Suburban,High School and Advanced,175,75,19,7,Assistant,S2,White,5.75,3.5,2.25,5,5.666666667,-0.666666667,1
Woman,Both,Liberal,No,Not Married,Metropolitan,High School and Advanced,25,45,28,4,Client,Q2,White,2,6.25,-4.25,2.333333333,5.666666667,-3.333333333,1
Woman,Both,Moderate,No,Not Married,Rural,High School and Advanced,35,25,23,6,Client,S2,White,4,4.5,-0.5,4.666666667,4,0.666666667,1
Man,Both,Liberal,Yes,Married,Rural,High School and Advanced,NA,15,51,7,Assistant,Q2,White,3,5.75,-2.75,2,6.666666667,-4.666666667,1
Woman,Both,Moderate,No,Not Married,Suburban,High School and Advanced,55,75,24,5,Client,S2,White,2.75,5,-2.25,3.333333333,5.666666667,-2.333333333,1
Woman,Both,Moderate,No,Not Married,Suburban,High School and Advanced,25,35,29,2,Client,S2,Other,3,6,-3,3.333333333,5.333333333,-2,1
Woman,Both,Liberal,Yes,Married,Suburban,High School and Advanced,175,15,30,6,Assistant,Q2,White,6,2.5,3.5,5,5.333333333,-0.333333333,1
Man,Both,Moderate,No,Not Married,Suburban,High School and Advanced,35,5,20,6,Client,S2,White,3,7,-4,6,5.333333333,0.666666667,1
Woman,Both,Moderate,No,Not Married,Metropolitan,High School and Advanced,20,5,26,5,Client,Q2,Other,3.75,5,-1.25,4.666666667,4,0.666666667,1
Woman,Both,Liberal,No,Not Married,Metropolitan,High School and Advanced,75,35,24,3,Assistant,Q2,White,5.25,5.25,0,5.333333333,5.666666667,-0.333333333,1
Woman,Both,Conservative,No,Not Married,Suburban,High School and Advanced,85,45,20,9,Client,S2,White,4.25,3,1.25,4.666666667,3,1.666666667,1
Woman,Both,Conservative,Yes,Married,Rural,High School and Advanced,65,200,37,4,Client,Q2,White,4.75,3.75,1,4.666666667,4.666666667,0,1
Woman,Both,Liberal,No,Not Married,Suburban,High School and Advanced,65,25,21,6,Assistant,S2,White,5.25,3,2.25,5.666666667,3.333333333,2.333333333,1
Woman,Both,Liberal,No,Not Married,Suburban,High School and Advanced,85,15,29,6,Assistant,S2,White,6,2,4,6.666666667,2.666666667,4,1
Woman,Both,Liberal,No,Not Married,Rural,High School and Advanced,75,35,21,7,Client,S2,White,6.75,2.25,4.5,5.333333333,3.333333333,2,1
Man,Both,Moderate,No,Not Married,Suburban,High School and Advanced,25,25,25,5,Client,S2,Other,4,4,0,4,4,0,1
Woman,Both,Liberal,Yes,Married,Metropolitan,High School and Advanced,55,25,38,5,Assistant,Q2,White,4,3,1,4,6,-2,1
Woman,Both,Liberal,No,Not Married,Metropolitan,High School and Advanced,25,5,26,5,Client,Q2,White,3.75,5,-1.25,4.666666667,4.666666667,0,1
Woman,Both,Liberal,Yes,Married,Suburban,High School and Advanced,65,75,28,4,Client,S2,White,2.25,5.75,-3.5,2,5.333333333,-3.333333333,1
Man,Both,Liberal,No,Married,Suburban,High School and Advanced,20,75,20,3,Assistant,S2,White,5.75,3.5,2.25,5.666666667,4,1.666666667,1
Woman,Both,Conservative,No,Not Married,Rural,High School and Advanced,45,175,19,5,Client,Q2,White,4.25,5,-0.75,5.666666667,5.666666667,0,1
Man,Both,Moderate,Yes,Married,Suburban,High School and Advanced,112.5,25,32,7,Assistant,S2,White,6.75,2.25,4.5,5.666666667,4.333333333,1.333333333,1
Man,Both,Liberal,No,Not Married,Suburban,High School and Advanced,25,45,20,3,Client,S2,White,4.5,5,-0.5,4.666666667,5,-0.333333333,1
Woman,Both,Liberal,No,Not Married,Suburban,High School and Advanced,85,15,23,7,Client,Q2,Other,2.25,6,-3.75,3,5.666666667,-2.666666667,1
Man,Both,Moderate,Yes,Married,Metropolitan,High School and Advanced,35,5,35,6,Client,S2,White,2.5,4.75,-2.25,4.666666667,4,0.666666667,1
Man,Both,Moderate,No,Not Married,Suburban,High School and Advanced,75,15,22,4,Assistant,Q2,Other,5.25,2.5,2.75,3,6.666666667,-3.666666667,1
Woman,Both,Moderate,Yes,Married,Suburban,High School and Advanced,75,75,33,6,Assistant,S2,White,6.75,5.25,1.5,6.333333333,5.666666667,0.666666667,1
Woman,Both,Moderate,No,Not Married,Rural,High School and Advanced,65,125,27,5,Client,S2,White,2.75,7,-4.25,6.666666667,7,-0.333333333,1
Woman,Both,Liberal,No,Not Married,Suburban,High School and Advanced,25,35,31,4,Client,S2,White,4.75,6.25,-1.5,7,6,1,1
Woman,Both,Moderate,No,Not Married,Suburban,High School and Advanced,20,35,21,4,Client,Q2,Other,6,7,-1,7,7,0,1
Woman,Both,Liberal,No,Not Married,Metropolitan,High School and Advanced,55,35,21,6,Client,S2,White,3,6.5,-3.5,6.333333333,6.666666667,-0.333333333,1
Man,Both,Liberal,No,Not Married,Suburban,High School and Advanced,65,25,26,6,Assistant,S2,Other,4.25,4.75,-0.5,4.333333333,5,-0.666666667,1
Woman,Both,Liberal,No,Not Married,Suburban,High School and Advanced,35,35,21,6,Assistant,Q2,Other,5.25,5.5,-0.25,6,6,0,1
Woman,Both,Liberal,No,Not Married,Metropolitan,High School and Advanced,85,45,19,6,Client,S2,White,4,4,0,4,4,0,1
Woman,Both,Liberal,No,Not Married,Metropolitan,High School and Advanced,55,75,20,4,Client,Q2,White,2.75,5.75,-3,5,5,0,1
Man,Both,Conservative,No,Not Married,Rural,High School and Advanced,25,5,20,3,Assistant,Q2,White,5.25,2.75,2.5,5.666666667,5.666666667,0,1
Woman,Both,Liberal,No,Not Married,Metropolitan,High School and Advanced,175,35,21,7,Client,S2,White,6,6,0,7,6.666666667,0.333333333,1
Woman,Both,Liberal,No,Not Married,Suburban,High School and Advanced,175,15,21,8,Assistant,S2,Other,4.75,4,0.75,4.666666667,6,-1.333333333,1
Woman,Label,Liberal,No,Married,Metropolitan,High School and Advanced,NA,15,28,6,Client,S2,White,4.25,4,0.25,4.333333333,4.333333333,0,1
Woman,Label,Liberal,No,Not Married,Metropolitan,High School and Advanced,175,15,21,6,Assistant,S2,Other,4.5,5.75,-1.25,6,6,0,1
Woman,Label,Liberal,No,Not Married,Suburban,High School and Advanced,45,5,21,6,Assistant,Q2,Other,4.5,3.25,1.25,4.333333333,3.333333333,1,1
Woman,Label,Liberal,No,Not Married,Suburban,High School and Advanced,137.5,75,21,8,Assistant,Q2,Other,4,4,0,4,4,0,1
Woman,Label,Liberal,No,Not Married,Suburban,High School and Advanced,45,25,24,5,Client,Q2,White,4,6.75,-2.75,6,5,1,1
Man,Label,Conservative,No,Not Married,Rural,High School and Advanced,35,75,34,6,Assistant,S2,White,5,5,0,5,5,0,1
Woman,Label,Moderate,No,Not Married,Rural,High School and Advanced,45,45,28,7,Client,Q2,White,5.75,5.5,0.25,6,6,0,1
Woman,Label,Liberal,No,Not Married,Suburban,High School and Advanced,35,125,20,7,Assistant,Q2,White,4.25,4,0.25,6.666666667,6,0.666666667,1
Man,Label,Liberal,No,Not Married,Suburban,High School and Advanced,35,5,30,5,Assistant,S2,White,5.5,3,2.5,6.333333333,5,1.333333333,1
Man,Label,Moderate,No,Not Married,Suburban,High School and Advanced,25,75,21,1,Assistant,S2,White,3.25,4,-0.75,4,4,0,1
Woman,Label,Moderate,No,Not Married,Suburban,High School and Advanced,NA,45,27,7,Assistant,Q2,White,4.75,5.25,-0.5,4.666666667,6,-1.333333333,1
Woman,Label,Conservative,Yes,Married,Rural,High School and Advanced,112.5,35,49,8,Assistant,S2,White,4.5,3.5,1,2,5,-3,1
Man,Label,Liberal,No,Not Married,Suburban,High School and Advanced,20,125,20,8,Client,Q2,Other,4.5,4.75,-0.25,5.333333333,5.333333333,0,1
Man,Label,Liberal,No,Not Married,Metropolitan,High School and Advanced,200,75,20,9,Assistant,S2,White,3.75,5.5,-1.75,4.666666667,5,-0.333333333,1
Man,Label,Moderate,No,Not Married,Suburban,High School and Advanced,NA,0,20,9,Client,Q2,White,6.75,6.25,0.5,6.333333333,6,0.333333333,1
Woman,Label,Conservative,Yes,Married,Rural,High School and Advanced,85,15,30,4,Assistant,Q2,White,5.25,4,1.25,5,4.666666667,0.333333333,1
Man,Label,Moderate,No,Not Married,Suburban,High School and Advanced,NA,25,25,6,Client,Q2,White,4,5.25,-1.25,4.333333333,5,-0.666666667,1
Woman,Label,Moderate,No,Not Married,Suburban,High School and Advanced,35,45,18,5,Assistant,S2,White,4.5,4.25,0.25,4,4.333333333,-0.333333333,1
Man,Label,Liberal,No,Not Married,Suburban,High School and Advanced,75,45,30,7,Assistant,Q2,Other,5,4.5,0.5,5,6.333333333,-1.333333333,1
Woman,Label,Liberal,Yes,Not Married,Suburban,High School and Advanced,20,175,30,3,Client,S2,Other,5.5,5.5,0,6,6,0,1
Woman,Label,Liberal,No,Not Married,Metropolitan,High School and Advanced,25,75,22,4,Assistant,S2,White,3.75,5,-1.25,5,5,0,1
Man,Label,Liberal,No,Not Married,Metropolitan,High School and Advanced,112.5,125,19,8,Assistant,Q2,White,3.5,4.5,-1,4,3,1,1
Woman,Label,Liberal,No,Not Married,Suburban,High School and Advanced,35,5,22,8,Client,Q2,White,3,5,-2,3,5.333333333,-2.333333333,1
Man,Label,Moderate,No,Not Married,Suburban,High School and Advanced,112.5,5,22,6,Assistant,S2,White,5.5,3,2.5,5,3.666666667,1.333333333,1
Man,Label,Liberal,No,Married,Suburban,High School and Advanced,65,75,33,6,Client,S2,White,3,6.5,-3.5,5,7,-2,1
Man,Both,Moderate,No,Not Married,Suburban,High School and Advanced,35,5,31,5,Assistant,Q2,White,5.75,3.5,2.25,4.666666667,5.333333333,-0.666666667,1
Man,Both,Moderate,No,Not Married,Suburban,High School and Advanced,112.5,25,22,4,Client,S2,White,4.25,6.5,-2.25,6,6.333333333,-0.333333333,1
Man,Both,Liberal,No,Married,Suburban,High School and Advanced,200,35,34,7,Client,Q2,Other,4.5,4.75,-0.25,6.666666667,6.333333333,0.333333333,1
Man,Both,Conservative,Yes,Married,Suburban,High School and Advanced,45,15,24,3,Client,S2,White,3.5,6,-2.5,5.333333333,6,-0.666666667,1
Woman,Label,Conservative,No,Married,Rural,High School and Advanced,20,35,22,3,Assistant,Q2,White,5.25,3.25,2,7,6.666666667,0.333333333,1
Man,Label,Moderate,Yes,Married,Suburban,High School and Advanced,175,15,34,7,Assistant,Q2,White,5,4.75,0.25,4.666666667,4.333333333,0.333333333,1
Woman,Label,Liberal,No,Not Married,Suburban,High School and Advanced,NA,25,19,6,Client,Q2,Other,4,4,0,4,4,0,1
Woman,Label,Liberal,No,Not Married,Suburban,High School and Advanced,112.5,175,22,8,Client,Q2,White,5.75,5.75,0,6,6,0,1
Man,Label,Liberal,Yes,Not Married,Suburban,High School and Advanced,112.5,5,26,6,Client,S2,White,4,4.5,-0.5,3,3.666666667,-0.666666667,1
Woman,Label,Liberal,No,Not Married,Suburban,High School and Advanced,55,45,23,7,Assistant,Q2,White,6,4.25,1.75,6.333333333,4.666666667,1.666666667,1
Man,Label,Conservative,No,Not Married,Suburban,High School and Advanced,137.5,25,23,7,Assistant,Q2,White,4,4.5,-0.5,3.333333333,4.666666667,-1.333333333,1
Man,Label,Liberal,No,Not Married,Metropolitan,High School and Advanced,55,25,29,2,Client,Q2,Other,4,3,1,4,3,1,1
Woman,Label,Liberal,No,Not Married,Suburban,High School and Advanced,45,45,29,5,Assistant,S2,White,3.5,3.75,-0.25,2.666666667,5,-2.333333333,1
Woman,Label,Liberal,No,Not Married,Suburban,High School and Advanced,25,75,18,4,Client,Q2,White,3.25,5,-1.75,3.666666667,4.666666667,-1,1
Woman,Label,Liberal,No,Not Married,Metropolitan,High School and Advanced,45,25,26,7,Assistant,Q2,White,5.25,4,1.25,6.333333333,5,1.333333333,1
Woman,Both,Liberal,Yes,Married,Suburban,High School and Advanced,75,25,33,7,Assistant,Q2,White,5.75,4,1.75,5.666666667,6,-0.333333333,1
Woman,Both,Conservative,No,Not Married,Suburban,High School and Advanced,20,35,21,4,Assistant,Q2,White,6.5,6.5,0,6.333333333,6.333333333,0,1
Woman,Both,Liberal,No,Not Married,Metropolitan,High School and Advanced,137.5,5,21,7,Assistant,S2,White,4.5,4.25,0.25,5.666666667,5.666666667,0,1
Woman,Both,Liberal,No,Married,Suburban,High School and Advanced,55,75,31,4,Assistant,Q2,White,4.75,4.75,0,5.666666667,5.666666667,0,1
Woman,Both,Moderate,No,Not Married,Metropolitan,High School and Advanced,55,75,24,3,Assistant,Q2,White,4,4,0,4,4,0,1
Woman,Both,Liberal,Yes,Not Married,Metropolitan,High School and Advanced,55,35,51,5,Assistant,S2,Other,7,5,2,7,6.333333333,0.666666667,1
Woman,Both,Liberal,No,Not Married,Suburban,High School and Advanced,55,15,20,6,Assistant,Q2,White,5,3.5,1.5,6,6,0,1
Woman,Both,Liberal,No,Not Married,Suburban,High School and Advanced,85,75,20,5,Assistant,S2,White,3.5,6,-2.5,3,5.333333333,-2.333333333,1
Woman,Both,Moderate,No,Not Married,Suburban,High School and Advanced,65,5,21,5,Assistant,S2,Other,4.5,3.5,1,5,3.666666667,1.333333333,1
Woman,Both,Moderate,No,Married,Suburban,High School and Advanced,25,15,23,6,Assistant,Q2,White,5,5,0,6,6,0,1
Woman,Both,Liberal,Yes,Not Married,Suburban,High School and Advanced,NA,45,63,8,Assistant,Q2,Other,4.5,4,0.5,5,4,1,1
Woman,Both,Liberal,No,Not Married,Suburban,High School and Advanced,75,15,20,6,Assistant,S2,White,5.5,4.5,1,5.666666667,5.333333333,0.333333333,1
Man,Label,Liberal,No,Not Married,Suburban,High School and Advanced,20,15,25,4,Client,Q2,White,3,5,-2,4.333333333,4.333333333,0,1
Man,Label,Moderate,Yes,Not Married,Metropolitan,High School and Advanced,55,5,38,4,Assistant,S2,Other,5.75,3.5,2.25,6.333333333,3.666666667,2.666666667,1
Man,Label,Conservative,Yes,Married,Suburban,High School and Advanced,200,15,31,8,Assistant,Q2,White,4.75,7,-2.25,6.333333333,6.333333333,0,1
Woman,Label,Liberal,No,Not Married,Suburban,High School and Advanced,20,45,22,3,Assistant,Q2,White,5.5,3.5,2,6,5,1,1
Man,Label,Conservative,No,Married,Rural,High School and Advanced,35,0,26,7,Client,S2,White,2.75,4.25,-1.5,4.333333333,4,0.333333333,1
Man,Label,Liberal,No,Not Married,Suburban,High School and Advanced,35,45,22,2,Client,S2,White,5,3.25,1.75,5.333333333,6,-0.666666667,1
Man,Label,Moderate,No,Not Married,Suburban,High School and Advanced,175,45,21,8,Assistant,S2,White,3.75,3.25,0.5,5.333333333,4.333333333,1,1
Woman,Label,Liberal,No,Not Married,Suburban,High School and Advanced,65,25,44,7,Assistant,Q2,White,4,4,0,4,4,0,1
Woman,Label,Liberal,No,Not Married,Suburban,High School and Advanced,85,25,20,5,Client,Q2,White,3.5,4.75,-1.25,4.666666667,5.666666667,-1,1
Woman,Label,Liberal,No,Not Married,Suburban,High School and Advanced,112.5,75,28,7,Assistant,S2,White,4.5,4,0.5,4.666666667,4.666666667,0,1
Man,Label,Moderate,Yes,Married,Suburban,High School and Advanced,55,45,44,6,Client,Q2,White,4,5.25,-1.25,5.333333333,5.333333333,0,1
Man,Label,Moderate,Yes,Married,Suburban,High School and Advanced,NA,5,40,7,Client,Q2,Other,4.25,4.75,-0.5,4.666666667,4.666666667,0,1
Woman,Label,Moderate,Yes,Married,Suburban,High School and Advanced,NA,15,36,7,Client,S2,White,4.5,5.25,-0.75,5.666666667,5.666666667,0,1
Woman,Label,Liberal,Yes,Not Married,Suburban,High School and Advanced,35,125,45,3,Assistant,Q2,White,5.75,3.5,2.25,7,4.333333333,2.666666667,1
Woman,Label,Moderate,No,Not Married,Suburban,High School and Advanced,200,15,22,6,Assistant,Q2,White,5.25,6,-0.75,5.666666667,7,-1.333333333,1
Woman,Label,Liberal,No,Not Married,Metropolitan,High School and Advanced,35,125,19,4,Client,S2,Other,3.5,4.75,-1.25,6,6,0,1
Man,Label,Moderate,No,Not Married,Metropolitan,High School and Advanced,55,15,36,6,Client,S2,White,3.5,5.25,-1.75,5.333333333,5,0.333333333,1
Woman,Label,Moderate,No,Married,Suburban,High School and Advanced,35,0,29,6,Assistant,S2,Other,4,4,0,4,4,0,1
Woman,Label,Liberal,Yes,Married,Rural,High School and Advanced,112.5,45,35,7,Client,Q2,White,4.25,5.5,-1.25,5,6,-1,1
Woman,Label,Liberal,No,Not Married,Suburban,High School and Advanced,55,5,25,5,Client,Q2,Other,3.25,6,-2.75,6,5.666666667,0.333333333,1
Man,Label,Moderate,No,Not Married,Suburban,High School and Advanced,137.5,5,23,9,Assistant,S2,White,2,6.25,-4.25,2.666666667,6,-3.333333333,1
Woman,Label,Liberal,No,Not Married,Suburban,High School and Advanced,20,75,21,6,Assistant,S2,White,5.25,3,2.25,6.666666667,6.666666667,0,1
Man,Both,Liberal,No,Not Married,Metropolitan,High School and Advanced,35,75,20,3,Client,S2,Other,3.5,5,-1.5,6.333333333,4.666666667,1.666666667,1
Man,Both,Liberal,Yes,Married,Suburban,High School and Advanced,NA,5,26,5,Assistant,S2,Other,7,3,4,6.333333333,6,0.333333333,1
Man,Both,Moderate,No,Not Married,Suburban,Other,55,25,22,4,Assistant,Q2,White,4.25,3.25,1,4.666666667,5,-0.333333333,1
Man,Both,Liberal,No,Not Married,Metropolitan,High School and Advanced,175,25,37,8,Client,S2,White,4.5,4.5,0,3.333333333,5.666666667,-2.333333333,1
Man,Both,Liberal,No,Not Married,Suburban,High School and Advanced,35,15,35,3,Assistant,S2,White,5,4.5,0.5,6,5.666666667,0.333333333,1
Man,Both,Liberal,Yes,Married,Suburban,High School and Advanced,65,15,34,6,Client,Q2,White,4.25,6.25,-2,5.333333333,6,-0.666666667,1
Man,Both,Liberal,No,Not Married,Suburban,High School and Advanced,112.5,5,31,3,Assistant,S2,White,3.75,4,-0.25,5,5,0,1
Man,Both,Liberal,No,Not Married,Suburban,High School and Advanced,75,5,63,7,Assistant,S2,White,6,4,2,6.333333333,5.333333333,1,1
Man,Both,Moderate,Yes,Not Married,Suburban,High School and Advanced,20,15,35,3,Client,Q2,White,4,4.75,-0.75,5,5.333333333,-0.333333333,1
Man,Both,Conservative,No,Not Married,Suburban,High School and Advanced,20,5,49,7,Assistant,S2,White,4.75,5.75,-1,5.666666667,6,-0.333333333,1
Man,Both,Liberal,No,Not Married,Suburban,High School and Advanced,137.5,5,20,7,Assistant,S2,White,6,4,2,4.666666667,3.666666667,1,1
Man,Both,Liberal,No,Not Married,Metropolitan,High School and Advanced,45,25,25,7,Assistant,Q2,White,4.75,5.25,-0.5,7,7,0,1
Man,Both,Liberal,No,Not Married,Suburban,High School and Advanced,35,25,46,3,Assistant,S2,White,5,2.75,2.25,6.666666667,5.333333333,1.333333333,1
Man,Both,Liberal,No,Not Married,Suburban,High School and Advanced,20,15,24,6,Assistant,Q2,White,5,2.25,2.75,4.666666667,5,-0.333333333,1
Man,Both,Conservative,Yes,Married,Metropolitan,High School and Advanced,55,15,39,6,Client,S2,White,4.5,5.75,-1.25,5.333333333,6,-0.666666667,1
Man,Label,Moderate,No,Not Married,Suburban,High School and Advanced,112.5,75,20,6,Client,S2,White,6.75,5.75,1,6.333333333,5.333333333,1,1
Man,Label,Conservative,No,Not Married,Suburban,High School and Advanced,45,75,18,6,Client,Q2,White,4.75,7,-2.25,5.666666667,7,-1.333333333,1
Woman,Label,Liberal,No,Married,Suburban,High School and Advanced,75,25,30,6,Client,Q2,White,3.25,5,-1.75,6,4.333333333,1.666666667,1
Man,Label,Liberal,No,Not Married,Suburban,High School and Advanced,35,125,26,3,Client,S2,Other,5,4.25,0.75,2.666666667,4,-1.333333333,1
Man,Label,Liberal,No,Not Married,Suburban,High School and Advanced,112.5,25,35,7,Client,Q2,White,4.75,6,-1.25,5,6,-1,1
Man,Label,Moderate,No,Not Married,Suburban,High School and Advanced,137.5,35,19,7,Client,S2,Other,5.75,4.5,1.25,5.666666667,4,1.666666667,1
Man,Label,Conservative,No,Not Married,Suburban,High School and Advanced,NA,75,36,7,Client,Q2,White,3.25,5.25,-2,3,5.666666667,-2.666666667,1
Woman,Label,Liberal,No,Not Married,Rural,High School and Advanced,45,75,20,4,Client,S2,White,2.5,6.5,-4,4.333333333,7,-2.666666667,1
Man,Both,Liberal,No,Not Married,Suburban,High School and Advanced,112.5,175,24,6,Client,Q2,Other,4.5,7,-2.5,6,7,-1,1
Man,Both,Moderate,No,Not Married,Metropolitan,High School and Advanced,112.5,75,27,7,Client,S2,White,2.75,5.75,-3,4.666666667,5.333333333,-0.666666667,1
Man,Both,Liberal,No,Not Married,Suburban,High School and Advanced,20,15,27,2,Client,Q2,Other,4.25,5.5,-1.25,6,6.333333333,-0.333333333,1
Man,Both,Moderate,No,Not Married,Suburban,High School and Advanced,20,45,32,4,Client,S2,Other,4.25,6.5,-2.25,6.333333333,6,0.333333333,1
Man,Both,Liberal,No,Not Married,Suburban,High School and Advanced,20,15,23,6,Client,Q2,White,3.25,6,-2.75,5.333333333,6,-0.666666667,1
Man,Both,Liberal,No,Not Married,Suburban,High School and Advanced,137.5,45,20,7,Assistant,S2,Other,5.25,4.5,0.75,6,6,0,1
Man,Both,Liberal,No,Not Married,Suburban,High School and Advanced,175,15,28,7,Assistant,Q2,White,5.25,4,1.25,4.666666667,6,-1.333333333,1
Man,Both,Liberal,Yes,Married,Suburban,High School and Advanced,85,35,29,6,Client,Q2,Other,5.75,5.75,0,5.666666667,6,-0.333333333,1
Woman,Both,Liberal,No,Not Married,Suburban,High School and Advanced,55,15,19,5,Client,S2,Other,3.5,6,-2.5,6.333333333,5.333333333,1,1
Woman,Both,Liberal,No,Not Married,Suburban,High School and Advanced,55,75,24,7,Client,S2,Other,6,6.5,-0.5,6.666666667,6.333333333,0.333333333,1
Woman,Both,Moderate,Yes,Married,Suburban,High School and Advanced,85,75,37,6,Client,Q2,White,5.5,5.5,0,6.666666667,6,0.666666667,1
Woman,Both,Liberal,No,Not Married,Metropolitan,High School and Advanced,112.5,75,31,4,Client,Q2,Other,4,4.5,-0.5,5.333333333,5.333333333,0,1
Woman,Both,Liberal,Yes,Not Married,Rural,High School and Advanced,35,125,31,4,Client,Q2,White,4,4.75,-0.75,4.666666667,6,-1.333333333,1
Woman,Both,Conservative,Yes,Married,Rural,High School and Advanced,NA,25,33,6,Client,S2,White,3.25,6,-2.75,6,6,0,1
Man,Both,Liberal,No,Not Married,Rural,High School and Advanced,45,5,24,7,Client,Q2,Other,2.75,3,-0.25,6,5.333333333,0.666666667,1
Man,Both,Conservative,No,Married,Suburban,High School and Advanced,112.5,15,27,7,Client,S2,Other,4.5,6,-1.5,5.666666667,5.333333333,0.333333333,1
Man,Both,Moderate,Yes,Married,Suburban,High School and Advanced,200,5,57,9,Client,Q2,White,4,6.25,-2.25,6.666666667,4,2.666666667,1
Man,Both,Liberal,No,Not Married,Suburban,High School and Advanced,137.5,5,32,8,Client,S2,White,5.25,6.25,-1,5,6,-1,1
Man,Label,Liberal,No,Not Married,Metropolitan,High School and Advanced,20,75,24,8,Assistant,S2,White,5,4,1,5,4,1,1
Man,Label,Moderate,Yes,Married,Suburban,High School and Advanced,25,45,26,5,Assistant,Q2,Other,4.5,3.75,0.75,4.666666667,4.333333333,0.333333333,1
